[
  {
    "icon": "fa fa-home",
    "slug": "external",
    "title": "Volver al inicio",
    "path": "index.html"
  },  
  { 
    "id": 1,
    "icon": "fa fa-file-text",
    "slug": "ciberseguridad",
    "title": "1. Ciberseguridad",
    "breadcrumb": ["Inicio","Tema 1"],
    "path": "pages/1-tema.html",
    "submenu": [
      {
        "icon": "fa fa-file-text",
        "slug": "ciberseguridad",
        "title": "1.1 Triada de la seguridad de la información",
        "anchor": "11"
      },
      {
        "icon": "fa fa-file-text",
        "slug": "ciberseguridad",
        "title": "1.2 Gestión de contraseñas",
        "anchor": "12"
      },
      {
        "icon": "fa fa-file-text",
        "slug": "ciberseguridad",
        "title": "1.3 Huella digital",
        "anchor": "13"
      },
      {
        "icon": "fa fa-play-circle",
        "slug": "ciberseguridad",
        "title": "1.4 Ciberacoso",
        "anchor": "14"
      },
      {
        "icon": "fa fa-file-text",
        "slug": "ciberseguridad",
        "title": "1.5 Compras por internet",
        "anchor": "15"
      },
      {
        "icon": "fa fa-file-text",
        "slug": "ciberseguridad",
        "title": "1.6 Tipos de redes",
        "anchor": "16"
      }
      
    ]
  },
  { 
    "id": 1,
    "icon": "fa fa-file-text",
    "slug": "material",
    "title": "2. Material en redes sociales",
    "breadcrumb": ["Inicio","tema 2"],
    "path": "pages/2-tema.html",    
    "submenu": [
      {
        "icon": "fa fa-file-text",
        "slug": "material",
        "title": "2.1 Tipos de redes sociales",
        "anchor": "21"
      },
      {
        "icon": "fa fa-file-text",
        "slug": "material",
        "title": "2.2 Seguridad en redes sociales",
        "anchor": "22"
      },
      {
        "icon": "fa fa-file-text",
        "slug": "material",
        "title": "2.3 Difusión en redes sociales",
        "anchor": "23"
      },
      {
        "icon": "fa fa-file-text",
        "slug": "material",
        "title": "2.4 Netiqueta",
        "anchor": "24"
      }
    ]
  },
  { 
    "id": 1,
    "icon": "fa fa-play-circle",
    "slug": "protocolos_de_laboratorio",
    "title": "3. Presentación de propuesta en redes sociales",
    "breadcrumb": ["Inicio","tema 3"],
    "path": "pages/3-tema.html",    
    "submenu": [
      {
        "icon": "fa fa-file-text",
        "slug": "protocolos_de_laboratorio",
        "title": "3.1 Recomendaciones del video para la presentación",
        "anchor": "31"
      },
      {
        "icon": "fa fa-file-text",
        "slug": "protocolos_de_laboratorio",
        "title": "3.2 Técnicas de elevator pitch e storytelling",
        "anchor": "32"
      }
      
    ]
  }
]